user_id	birdwatching_activity_level	bird_song_recognition_skill_level_North_America	bird_song_recognition_skill_level_Central_America	bird_song_recognition_skill_level_South_America	bird_song_recognition_skill_level_Europe	bird_song_recognition_skill_level_Africa	bird_song_recognition_skill_level_Middle_East	bird_song_recognition_skill_level_Asia	bird_song_recognition_skill_level_Oceania	bird_song_recognition_skill_level_Australasia	bird_song_recognition_skill_level_Pacific_Islands
MA.100139	MA.birdwatchingActivityLevelEnum4	MA.birdSongRecognitionSkillLevelEnum2	MA.birdSongRecognitionSkillLevelEnum1	MA.birdSongRecognitionSkillLevelEnum4	MA.birdSongRecognitionSkillLevelEnum1	MA.birdSongRecognitionSkillLevelEnum1	MA.birdSongRecognitionSkillLevelEnum1	MA.birdSongRecognitionSkillLevelEnum1	MA.birdSongRecognitionSkillLevelEnum1	MA.birdSongRecognitionSkillLevelEnum1	MA.birdSongRecognitionSkillLevelEnum1
MA.97306	MA.birdwatchingActivityLevelEnum1	MA.birdSongRecognitionSkillLevelEnum1	MA.birdSongRecognitionSkillLevelEnum1	MA.birdSongRecognitionSkillLevelEnum1	MA.birdSongRecognitionSkillLevelEnum2	MA.birdSongRecognitionSkillLevelEnum1	MA.birdSongRecognitionSkillLevelEnum1	MA.birdSongRecognitionSkillLevelEnum1	MA.birdSongRecognitionSkillLevelEnum1	MA.birdSongRecognitionSkillLevelEnum1	MA.birdSongRecognitionSkillLevelEnum1
MA.97305	MA.birdwatchingActivityLevelEnum4	MA.birdSongRecognitionSkillLevelEnum1	MA.birdSongRecognitionSkillLevelEnum1	MA.birdSongRecognitionSkillLevelEnum3	MA.birdSongRecognitionSkillLevelEnum1	MA.birdSongRecognitionSkillLevelEnum1	MA.birdSongRecognitionSkillLevelEnum1	MA.birdSongRecognitionSkillLevelEnum1	MA.birdSongRecognitionSkillLevelEnum1	MA.birdSongRecognitionSkillLevelEnum1	MA.birdSongRecognitionSkillLevelEnum1
MA.59336											
MA.6658											
MA.70861	MA.birdwatchingActivityLevelEnum2	MA.birdSongRecognitionSkillLevelEnum2	MA.birdSongRecognitionSkillLevelEnum2	MA.birdSongRecognitionSkillLevelEnum2	MA.birdSongRecognitionSkillLevelEnum4	MA.birdSongRecognitionSkillLevelEnum2	MA.birdSongRecognitionSkillLevelEnum2	MA.birdSongRecognitionSkillLevelEnum2	MA.birdSongRecognitionSkillLevelEnum2	MA.birdSongRecognitionSkillLevelEnum2	MA.birdSongRecognitionSkillLevelEnum2
MA.89587	MA.birdwatchingActivityLevelEnum4	MA.birdSongRecognitionSkillLevelEnum1	MA.birdSongRecognitionSkillLevelEnum1	MA.birdSongRecognitionSkillLevelEnum1	MA.birdSongRecognitionSkillLevelEnum4	MA.birdSongRecognitionSkillLevelEnum1	MA.birdSongRecognitionSkillLevelEnum1	MA.birdSongRecognitionSkillLevelEnum1	MA.birdSongRecognitionSkillLevelEnum1	MA.birdSongRecognitionSkillLevelEnum1	MA.birdSongRecognitionSkillLevelEnum1
MA.81812	MA.birdwatchingActivityLevelEnum4	MA.birdSongRecognitionSkillLevelEnum1	MA.birdSongRecognitionSkillLevelEnum1	MA.birdSongRecognitionSkillLevelEnum1	MA.birdSongRecognitionSkillLevelEnum4	MA.birdSongRecognitionSkillLevelEnum1	MA.birdSongRecognitionSkillLevelEnum1	MA.birdSongRecognitionSkillLevelEnum1	MA.birdSongRecognitionSkillLevelEnum1	MA.birdSongRecognitionSkillLevelEnum1	MA.birdSongRecognitionSkillLevelEnum1
MA.75685	MA.birdwatchingActivityLevelEnum4	MA.birdSongRecognitionSkillLevelEnum1	MA.birdSongRecognitionSkillLevelEnum1	MA.birdSongRecognitionSkillLevelEnum1	MA.birdSongRecognitionSkillLevelEnum3	MA.birdSongRecognitionSkillLevelEnum1	MA.birdSongRecognitionSkillLevelEnum1	MA.birdSongRecognitionSkillLevelEnum1	MA.birdSongRecognitionSkillLevelEnum1	MA.birdSongRecognitionSkillLevelEnum1	MA.birdSongRecognitionSkillLevelEnum1
MA.73932	MA.birdwatchingActivityLevelEnum3	MA.birdSongRecognitionSkillLevelEnum1	MA.birdSongRecognitionSkillLevelEnum1	MA.birdSongRecognitionSkillLevelEnum1	MA.birdSongRecognitionSkillLevelEnum1	MA.birdSongRecognitionSkillLevelEnum1	MA.birdSongRecognitionSkillLevelEnum3	MA.birdSongRecognitionSkillLevelEnum3	MA.birdSongRecognitionSkillLevelEnum1	MA.birdSongRecognitionSkillLevelEnum1	MA.birdSongRecognitionSkillLevelEnum1
MA.72680	MA.birdwatchingActivityLevelEnum3	MA.birdSongRecognitionSkillLevelEnum1	MA.birdSongRecognitionSkillLevelEnum1	MA.birdSongRecognitionSkillLevelEnum1	MA.birdSongRecognitionSkillLevelEnum2	MA.birdSongRecognitionSkillLevelEnum1	MA.birdSongRecognitionSkillLevelEnum1	MA.birdSongRecognitionSkillLevelEnum1	MA.birdSongRecognitionSkillLevelEnum1	MA.birdSongRecognitionSkillLevelEnum1	MA.birdSongRecognitionSkillLevelEnum1
MA.72675	MA.birdwatchingActivityLevelEnum3	MA.birdSongRecognitionSkillLevelEnum1	MA.birdSongRecognitionSkillLevelEnum1	MA.birdSongRecognitionSkillLevelEnum1	MA.birdSongRecognitionSkillLevelEnum2	MA.birdSongRecognitionSkillLevelEnum1	MA.birdSongRecognitionSkillLevelEnum1	MA.birdSongRecognitionSkillLevelEnum1	MA.birdSongRecognitionSkillLevelEnum1	MA.birdSongRecognitionSkillLevelEnum1	MA.birdSongRecognitionSkillLevelEnum1
MA.65734	MA.birdwatchingActivityLevelEnum2	MA.birdSongRecognitionSkillLevelEnum2	MA.birdSongRecognitionSkillLevelEnum1	MA.birdSongRecognitionSkillLevelEnum1	MA.birdSongRecognitionSkillLevelEnum1	MA.birdSongRecognitionSkillLevelEnum1	MA.birdSongRecognitionSkillLevelEnum1	MA.birdSongRecognitionSkillLevelEnum1	MA.birdSongRecognitionSkillLevelEnum1	MA.birdSongRecognitionSkillLevelEnum1	MA.birdSongRecognitionSkillLevelEnum1
MA.71067	MA.birdwatchingActivityLevelEnum2	MA.birdSongRecognitionSkillLevelEnum1	MA.birdSongRecognitionSkillLevelEnum1	MA.birdSongRecognitionSkillLevelEnum1	MA.birdSongRecognitionSkillLevelEnum3	MA.birdSongRecognitionSkillLevelEnum1	MA.birdSongRecognitionSkillLevelEnum1	MA.birdSongRecognitionSkillLevelEnum2	MA.birdSongRecognitionSkillLevelEnum1	MA.birdSongRecognitionSkillLevelEnum1	MA.birdSongRecognitionSkillLevelEnum1
MA.70211	MA.birdwatchingActivityLevelEnum4	MA.birdSongRecognitionSkillLevelEnum1	MA.birdSongRecognitionSkillLevelEnum1	MA.birdSongRecognitionSkillLevelEnum3	MA.birdSongRecognitionSkillLevelEnum1	MA.birdSongRecognitionSkillLevelEnum1	MA.birdSongRecognitionSkillLevelEnum1	MA.birdSongRecognitionSkillLevelEnum1	MA.birdSongRecognitionSkillLevelEnum1	MA.birdSongRecognitionSkillLevelEnum1	MA.birdSongRecognitionSkillLevelEnum1
MA.68583	MA.birdwatchingActivityLevelEnum4	MA.birdSongRecognitionSkillLevelEnum1	MA.birdSongRecognitionSkillLevelEnum1	MA.birdSongRecognitionSkillLevelEnum1	MA.birdSongRecognitionSkillLevelEnum1	MA.birdSongRecognitionSkillLevelEnum4	MA.birdSongRecognitionSkillLevelEnum1	MA.birdSongRecognitionSkillLevelEnum1	MA.birdSongRecognitionSkillLevelEnum1	MA.birdSongRecognitionSkillLevelEnum1	MA.birdSongRecognitionSkillLevelEnum1
MA.68062	MA.birdwatchingActivityLevelEnum4	MA.birdSongRecognitionSkillLevelEnum1	MA.birdSongRecognitionSkillLevelEnum1	MA.birdSongRecognitionSkillLevelEnum1	MA.birdSongRecognitionSkillLevelEnum1	MA.birdSongRecognitionSkillLevelEnum1	MA.birdSongRecognitionSkillLevelEnum1	MA.birdSongRecognitionSkillLevelEnum3	MA.birdSongRecognitionSkillLevelEnum1	MA.birdSongRecognitionSkillLevelEnum1	MA.birdSongRecognitionSkillLevelEnum2
MA.67838	MA.birdwatchingActivityLevelEnum3	MA.birdSongRecognitionSkillLevelEnum1	MA.birdSongRecognitionSkillLevelEnum1	MA.birdSongRecognitionSkillLevelEnum2	MA.birdSongRecognitionSkillLevelEnum1	MA.birdSongRecognitionSkillLevelEnum1	MA.birdSongRecognitionSkillLevelEnum1	MA.birdSongRecognitionSkillLevelEnum1	MA.birdSongRecognitionSkillLevelEnum1	MA.birdSongRecognitionSkillLevelEnum1	MA.birdSongRecognitionSkillLevelEnum1
MA.67780	MA.birdwatchingActivityLevelEnum4	MA.birdSongRecognitionSkillLevelEnum2	MA.birdSongRecognitionSkillLevelEnum1	MA.birdSongRecognitionSkillLevelEnum1	MA.birdSongRecognitionSkillLevelEnum1	MA.birdSongRecognitionSkillLevelEnum1	MA.birdSongRecognitionSkillLevelEnum1	MA.birdSongRecognitionSkillLevelEnum1	MA.birdSongRecognitionSkillLevelEnum1	MA.birdSongRecognitionSkillLevelEnum1	MA.birdSongRecognitionSkillLevelEnum1
MA.57233	MA.birdwatchingActivityLevelEnum2	MA.birdSongRecognitionSkillLevelEnum1	MA.birdSongRecognitionSkillLevelEnum1	MA.birdSongRecognitionSkillLevelEnum1	MA.birdSongRecognitionSkillLevelEnum1	MA.birdSongRecognitionSkillLevelEnum1	MA.birdSongRecognitionSkillLevelEnum1	MA.birdSongRecognitionSkillLevelEnum1	MA.birdSongRecognitionSkillLevelEnum2	MA.birdSongRecognitionSkillLevelEnum1	MA.birdSongRecognitionSkillLevelEnum1
MA.37254	MA.birdwatchingActivityLevelEnum2	MA.birdSongRecognitionSkillLevelEnum1	MA.birdSongRecognitionSkillLevelEnum1	MA.birdSongRecognitionSkillLevelEnum1	MA.birdSongRecognitionSkillLevelEnum3	MA.birdSongRecognitionSkillLevelEnum1	MA.birdSongRecognitionSkillLevelEnum1	MA.birdSongRecognitionSkillLevelEnum1	MA.birdSongRecognitionSkillLevelEnum1	MA.birdSongRecognitionSkillLevelEnum1	MA.birdSongRecognitionSkillLevelEnum1
MA.66476	MA.birdwatchingActivityLevelEnum3	MA.birdSongRecognitionSkillLevelEnum1	MA.birdSongRecognitionSkillLevelEnum1	MA.birdSongRecognitionSkillLevelEnum1	MA.birdSongRecognitionSkillLevelEnum1	MA.birdSongRecognitionSkillLevelEnum1	MA.birdSongRecognitionSkillLevelEnum1	MA.birdSongRecognitionSkillLevelEnum1	MA.birdSongRecognitionSkillLevelEnum3	MA.birdSongRecognitionSkillLevelEnum3	MA.birdSongRecognitionSkillLevelEnum3
MA.66457	MA.birdwatchingActivityLevelEnum2	MA.birdSongRecognitionSkillLevelEnum2	MA.birdSongRecognitionSkillLevelEnum1	MA.birdSongRecognitionSkillLevelEnum1	MA.birdSongRecognitionSkillLevelEnum1	MA.birdSongRecognitionSkillLevelEnum1	MA.birdSongRecognitionSkillLevelEnum1	MA.birdSongRecognitionSkillLevelEnum1	MA.birdSongRecognitionSkillLevelEnum2	MA.birdSongRecognitionSkillLevelEnum1	MA.birdSongRecognitionSkillLevelEnum1
MA.66033	MA.birdwatchingActivityLevelEnum1	MA.birdSongRecognitionSkillLevelEnum1	MA.birdSongRecognitionSkillLevelEnum1	MA.birdSongRecognitionSkillLevelEnum1	MA.birdSongRecognitionSkillLevelEnum1	MA.birdSongRecognitionSkillLevelEnum1	MA.birdSongRecognitionSkillLevelEnum1	MA.birdSongRecognitionSkillLevelEnum1	MA.birdSongRecognitionSkillLevelEnum1	MA.birdSongRecognitionSkillLevelEnum2	MA.birdSongRecognitionSkillLevelEnum1
MA.65918	MA.birdwatchingActivityLevelEnum4	MA.birdSongRecognitionSkillLevelEnum1	MA.birdSongRecognitionSkillLevelEnum1	MA.birdSongRecognitionSkillLevelEnum1	MA.birdSongRecognitionSkillLevelEnum3	MA.birdSongRecognitionSkillLevelEnum1	MA.birdSongRecognitionSkillLevelEnum1	MA.birdSongRecognitionSkillLevelEnum1	MA.birdSongRecognitionSkillLevelEnum1	MA.birdSongRecognitionSkillLevelEnum1	MA.birdSongRecognitionSkillLevelEnum1
MA.65695	MA.birdwatchingActivityLevelEnum4	MA.birdSongRecognitionSkillLevelEnum1	MA.birdSongRecognitionSkillLevelEnum1	MA.birdSongRecognitionSkillLevelEnum1	MA.birdSongRecognitionSkillLevelEnum4	MA.birdSongRecognitionSkillLevelEnum1	MA.birdSongRecognitionSkillLevelEnum1	MA.birdSongRecognitionSkillLevelEnum1	MA.birdSongRecognitionSkillLevelEnum1	MA.birdSongRecognitionSkillLevelEnum1	MA.birdSongRecognitionSkillLevelEnum1
MA.65677	MA.birdwatchingActivityLevelEnum4	MA.birdSongRecognitionSkillLevelEnum2	MA.birdSongRecognitionSkillLevelEnum1	MA.birdSongRecognitionSkillLevelEnum1	MA.birdSongRecognitionSkillLevelEnum3	MA.birdSongRecognitionSkillLevelEnum1	MA.birdSongRecognitionSkillLevelEnum1	MA.birdSongRecognitionSkillLevelEnum3	MA.birdSongRecognitionSkillLevelEnum1	MA.birdSongRecognitionSkillLevelEnum1	MA.birdSongRecognitionSkillLevelEnum1
MA.53591	MA.birdwatchingActivityLevelEnum4	MA.birdSongRecognitionSkillLevelEnum1	MA.birdSongRecognitionSkillLevelEnum1	MA.birdSongRecognitionSkillLevelEnum3	MA.birdSongRecognitionSkillLevelEnum1	MA.birdSongRecognitionSkillLevelEnum1	MA.birdSongRecognitionSkillLevelEnum1	MA.birdSongRecognitionSkillLevelEnum1	MA.birdSongRecognitionSkillLevelEnum1	MA.birdSongRecognitionSkillLevelEnum1	MA.birdSongRecognitionSkillLevelEnum1
MA.65360	MA.birdwatchingActivityLevelEnum4	MA.birdSongRecognitionSkillLevelEnum1	MA.birdSongRecognitionSkillLevelEnum1	MA.birdSongRecognitionSkillLevelEnum1	MA.birdSongRecognitionSkillLevelEnum2	MA.birdSongRecognitionSkillLevelEnum1	MA.birdSongRecognitionSkillLevelEnum1	MA.birdSongRecognitionSkillLevelEnum1	MA.birdSongRecognitionSkillLevelEnum1	MA.birdSongRecognitionSkillLevelEnum2	MA.birdSongRecognitionSkillLevelEnum1
MA.65346	MA.birdwatchingActivityLevelEnum3	MA.birdSongRecognitionSkillLevelEnum1	MA.birdSongRecognitionSkillLevelEnum1	MA.birdSongRecognitionSkillLevelEnum1	MA.birdSongRecognitionSkillLevelEnum2	MA.birdSongRecognitionSkillLevelEnum1	MA.birdSongRecognitionSkillLevelEnum1	MA.birdSongRecognitionSkillLevelEnum1	MA.birdSongRecognitionSkillLevelEnum1	MA.birdSongRecognitionSkillLevelEnum1	MA.birdSongRecognitionSkillLevelEnum1
MA.65308	MA.birdwatchingActivityLevelEnum4	MA.birdSongRecognitionSkillLevelEnum2	MA.birdSongRecognitionSkillLevelEnum1	MA.birdSongRecognitionSkillLevelEnum1	MA.birdSongRecognitionSkillLevelEnum1	MA.birdSongRecognitionSkillLevelEnum1	MA.birdSongRecognitionSkillLevelEnum1	MA.birdSongRecognitionSkillLevelEnum2	MA.birdSongRecognitionSkillLevelEnum1	MA.birdSongRecognitionSkillLevelEnum2	MA.birdSongRecognitionSkillLevelEnum1
MA.65306	MA.birdwatchingActivityLevelEnum4	MA.birdSongRecognitionSkillLevelEnum1	MA.birdSongRecognitionSkillLevelEnum1	MA.birdSongRecognitionSkillLevelEnum4	MA.birdSongRecognitionSkillLevelEnum1	MA.birdSongRecognitionSkillLevelEnum1	MA.birdSongRecognitionSkillLevelEnum1	MA.birdSongRecognitionSkillLevelEnum1	MA.birdSongRecognitionSkillLevelEnum1	MA.birdSongRecognitionSkillLevelEnum1	MA.birdSongRecognitionSkillLevelEnum1
MA.65301	MA.birdwatchingActivityLevelEnum2	MA.birdSongRecognitionSkillLevelEnum1	MA.birdSongRecognitionSkillLevelEnum1	MA.birdSongRecognitionSkillLevelEnum1	MA.birdSongRecognitionSkillLevelEnum2	MA.birdSongRecognitionSkillLevelEnum1	MA.birdSongRecognitionSkillLevelEnum1	MA.birdSongRecognitionSkillLevelEnum1	MA.birdSongRecognitionSkillLevelEnum1	MA.birdSongRecognitionSkillLevelEnum1	MA.birdSongRecognitionSkillLevelEnum1
MA.64966	MA.birdwatchingActivityLevelEnum4	MA.birdSongRecognitionSkillLevelEnum3	MA.birdSongRecognitionSkillLevelEnum3	MA.birdSongRecognitionSkillLevelEnum2	MA.birdSongRecognitionSkillLevelEnum1	MA.birdSongRecognitionSkillLevelEnum1	MA.birdSongRecognitionSkillLevelEnum1	MA.birdSongRecognitionSkillLevelEnum1	MA.birdSongRecognitionSkillLevelEnum1	MA.birdSongRecognitionSkillLevelEnum1	MA.birdSongRecognitionSkillLevelEnum1
MA.64858	MA.birdwatchingActivityLevelEnum2	MA.birdSongRecognitionSkillLevelEnum1	MA.birdSongRecognitionSkillLevelEnum1	MA.birdSongRecognitionSkillLevelEnum2	MA.birdSongRecognitionSkillLevelEnum1	MA.birdSongRecognitionSkillLevelEnum1	MA.birdSongRecognitionSkillLevelEnum1	MA.birdSongRecognitionSkillLevelEnum1	MA.birdSongRecognitionSkillLevelEnum1	MA.birdSongRecognitionSkillLevelEnum1	MA.birdSongRecognitionSkillLevelEnum1
MA.64841	MA.birdwatchingActivityLevelEnum3	MA.birdSongRecognitionSkillLevelEnum1	MA.birdSongRecognitionSkillLevelEnum1	MA.birdSongRecognitionSkillLevelEnum1	MA.birdSongRecognitionSkillLevelEnum3	MA.birdSongRecognitionSkillLevelEnum1	MA.birdSongRecognitionSkillLevelEnum1	MA.birdSongRecognitionSkillLevelEnum1	MA.birdSongRecognitionSkillLevelEnum1	MA.birdSongRecognitionSkillLevelEnum1	MA.birdSongRecognitionSkillLevelEnum1
MA.64515	MA.birdwatchingActivityLevelEnum2	MA.birdSongRecognitionSkillLevelEnum1	MA.birdSongRecognitionSkillLevelEnum1	MA.birdSongRecognitionSkillLevelEnum1	MA.birdSongRecognitionSkillLevelEnum1	MA.birdSongRecognitionSkillLevelEnum1	MA.birdSongRecognitionSkillLevelEnum1	MA.birdSongRecognitionSkillLevelEnum1	MA.birdSongRecognitionSkillLevelEnum1	MA.birdSongRecognitionSkillLevelEnum2	MA.birdSongRecognitionSkillLevelEnum1
MA.64487	MA.birdwatchingActivityLevelEnum4	MA.birdSongRecognitionSkillLevelEnum2	MA.birdSongRecognitionSkillLevelEnum1	MA.birdSongRecognitionSkillLevelEnum1	MA.birdSongRecognitionSkillLevelEnum3	MA.birdSongRecognitionSkillLevelEnum1	MA.birdSongRecognitionSkillLevelEnum1	MA.birdSongRecognitionSkillLevelEnum1	MA.birdSongRecognitionSkillLevelEnum1	MA.birdSongRecognitionSkillLevelEnum1	MA.birdSongRecognitionSkillLevelEnum1
MA.63886	MA.birdwatchingActivityLevelEnum3	MA.birdSongRecognitionSkillLevelEnum1	MA.birdSongRecognitionSkillLevelEnum1	MA.birdSongRecognitionSkillLevelEnum1	MA.birdSongRecognitionSkillLevelEnum1	MA.birdSongRecognitionSkillLevelEnum1	MA.birdSongRecognitionSkillLevelEnum1	MA.birdSongRecognitionSkillLevelEnum2	MA.birdSongRecognitionSkillLevelEnum1	MA.birdSongRecognitionSkillLevelEnum1	MA.birdSongRecognitionSkillLevelEnum1
MA.63686	MA.birdwatchingActivityLevelEnum3	MA.birdSongRecognitionSkillLevelEnum1	MA.birdSongRecognitionSkillLevelEnum1	MA.birdSongRecognitionSkillLevelEnum1	MA.birdSongRecognitionSkillLevelEnum1	MA.birdSongRecognitionSkillLevelEnum1	MA.birdSongRecognitionSkillLevelEnum1	MA.birdSongRecognitionSkillLevelEnum1	MA.birdSongRecognitionSkillLevelEnum1	MA.birdSongRecognitionSkillLevelEnum3	MA.birdSongRecognitionSkillLevelEnum1
MA.63666	MA.birdwatchingActivityLevelEnum4	MA.birdSongRecognitionSkillLevelEnum1	MA.birdSongRecognitionSkillLevelEnum1	MA.birdSongRecognitionSkillLevelEnum1	MA.birdSongRecognitionSkillLevelEnum3	MA.birdSongRecognitionSkillLevelEnum1	MA.birdSongRecognitionSkillLevelEnum1	MA.birdSongRecognitionSkillLevelEnum1	MA.birdSongRecognitionSkillLevelEnum1	MA.birdSongRecognitionSkillLevelEnum1	MA.birdSongRecognitionSkillLevelEnum1
MA.63162	MA.birdwatchingActivityLevelEnum3	MA.birdSongRecognitionSkillLevelEnum1	MA.birdSongRecognitionSkillLevelEnum1	MA.birdSongRecognitionSkillLevelEnum1	MA.birdSongRecognitionSkillLevelEnum3	MA.birdSongRecognitionSkillLevelEnum1	MA.birdSongRecognitionSkillLevelEnum1	MA.birdSongRecognitionSkillLevelEnum1	MA.birdSongRecognitionSkillLevelEnum1	MA.birdSongRecognitionSkillLevelEnum1	MA.birdSongRecognitionSkillLevelEnum1
MA.63093	MA.birdwatchingActivityLevelEnum4	MA.birdSongRecognitionSkillLevelEnum1	MA.birdSongRecognitionSkillLevelEnum1	MA.birdSongRecognitionSkillLevelEnum1	MA.birdSongRecognitionSkillLevelEnum3	MA.birdSongRecognitionSkillLevelEnum1	MA.birdSongRecognitionSkillLevelEnum1	MA.birdSongRecognitionSkillLevelEnum1	MA.birdSongRecognitionSkillLevelEnum1	MA.birdSongRecognitionSkillLevelEnum1	MA.birdSongRecognitionSkillLevelEnum1
MA.63041	MA.birdwatchingActivityLevelEnum3	MA.birdSongRecognitionSkillLevelEnum1	MA.birdSongRecognitionSkillLevelEnum1	MA.birdSongRecognitionSkillLevelEnum1	MA.birdSongRecognitionSkillLevelEnum1	MA.birdSongRecognitionSkillLevelEnum1	MA.birdSongRecognitionSkillLevelEnum1	MA.birdSongRecognitionSkillLevelEnum1	MA.birdSongRecognitionSkillLevelEnum1	MA.birdSongRecognitionSkillLevelEnum3	MA.birdSongRecognitionSkillLevelEnum1
MA.54394	MA.birdwatchingActivityLevelEnum2	MA.birdSongRecognitionSkillLevelEnum1	MA.birdSongRecognitionSkillLevelEnum1	MA.birdSongRecognitionSkillLevelEnum1	MA.birdSongRecognitionSkillLevelEnum2	MA.birdSongRecognitionSkillLevelEnum1	MA.birdSongRecognitionSkillLevelEnum1	MA.birdSongRecognitionSkillLevelEnum1	MA.birdSongRecognitionSkillLevelEnum1	MA.birdSongRecognitionSkillLevelEnum1	MA.birdSongRecognitionSkillLevelEnum1
MA.62705	MA.birdwatchingActivityLevelEnum4	MA.birdSongRecognitionSkillLevelEnum3	MA.birdSongRecognitionSkillLevelEnum1	MA.birdSongRecognitionSkillLevelEnum1	MA.birdSongRecognitionSkillLevelEnum1	MA.birdSongRecognitionSkillLevelEnum1	MA.birdSongRecognitionSkillLevelEnum1	MA.birdSongRecognitionSkillLevelEnum1	MA.birdSongRecognitionSkillLevelEnum1	MA.birdSongRecognitionSkillLevelEnum1	MA.birdSongRecognitionSkillLevelEnum1
MA.62704	MA.birdwatchingActivityLevelEnum4	MA.birdSongRecognitionSkillLevelEnum1	MA.birdSongRecognitionSkillLevelEnum1	MA.birdSongRecognitionSkillLevelEnum1	MA.birdSongRecognitionSkillLevelEnum3	MA.birdSongRecognitionSkillLevelEnum1	MA.birdSongRecognitionSkillLevelEnum1	MA.birdSongRecognitionSkillLevelEnum1	MA.birdSongRecognitionSkillLevelEnum1	MA.birdSongRecognitionSkillLevelEnum1	MA.birdSongRecognitionSkillLevelEnum1
MA.54650	MA.birdwatchingActivityLevelEnum4	MA.birdSongRecognitionSkillLevelEnum1	MA.birdSongRecognitionSkillLevelEnum1	MA.birdSongRecognitionSkillLevelEnum1	MA.birdSongRecognitionSkillLevelEnum3	MA.birdSongRecognitionSkillLevelEnum1	MA.birdSongRecognitionSkillLevelEnum1	MA.birdSongRecognitionSkillLevelEnum1	MA.birdSongRecognitionSkillLevelEnum1	MA.birdSongRecognitionSkillLevelEnum1	MA.birdSongRecognitionSkillLevelEnum1
MA.62556	MA.birdwatchingActivityLevelEnum4	MA.birdSongRecognitionSkillLevelEnum1	MA.birdSongRecognitionSkillLevelEnum1	MA.birdSongRecognitionSkillLevelEnum1	MA.birdSongRecognitionSkillLevelEnum3	MA.birdSongRecognitionSkillLevelEnum1	MA.birdSongRecognitionSkillLevelEnum1	MA.birdSongRecognitionSkillLevelEnum1	MA.birdSongRecognitionSkillLevelEnum1	MA.birdSongRecognitionSkillLevelEnum1	MA.birdSongRecognitionSkillLevelEnum1
MA.59140	MA.birdwatchingActivityLevelEnum2	MA.birdSongRecognitionSkillLevelEnum1	MA.birdSongRecognitionSkillLevelEnum1	MA.birdSongRecognitionSkillLevelEnum2	MA.birdSongRecognitionSkillLevelEnum1	MA.birdSongRecognitionSkillLevelEnum1	MA.birdSongRecognitionSkillLevelEnum1	MA.birdSongRecognitionSkillLevelEnum1	MA.birdSongRecognitionSkillLevelEnum1	MA.birdSongRecognitionSkillLevelEnum1	MA.birdSongRecognitionSkillLevelEnum1
MA.62413	MA.birdwatchingActivityLevelEnum3	MA.birdSongRecognitionSkillLevelEnum2	MA.birdSongRecognitionSkillLevelEnum1	MA.birdSongRecognitionSkillLevelEnum1	MA.birdSongRecognitionSkillLevelEnum3	MA.birdSongRecognitionSkillLevelEnum1	MA.birdSongRecognitionSkillLevelEnum1	MA.birdSongRecognitionSkillLevelEnum1	MA.birdSongRecognitionSkillLevelEnum1	MA.birdSongRecognitionSkillLevelEnum1	MA.birdSongRecognitionSkillLevelEnum1
MA.61925	MA.birdwatchingActivityLevelEnum3	MA.birdSongRecognitionSkillLevelEnum1	MA.birdSongRecognitionSkillLevelEnum1	MA.birdSongRecognitionSkillLevelEnum2	MA.birdSongRecognitionSkillLevelEnum3	MA.birdSongRecognitionSkillLevelEnum1	MA.birdSongRecognitionSkillLevelEnum1	MA.birdSongRecognitionSkillLevelEnum1	MA.birdSongRecognitionSkillLevelEnum1	MA.birdSongRecognitionSkillLevelEnum1	MA.birdSongRecognitionSkillLevelEnum1
MA.61345	MA.birdwatchingActivityLevelEnum4	MA.birdSongRecognitionSkillLevelEnum1	MA.birdSongRecognitionSkillLevelEnum1	MA.birdSongRecognitionSkillLevelEnum1	MA.birdSongRecognitionSkillLevelEnum1	MA.birdSongRecognitionSkillLevelEnum1	MA.birdSongRecognitionSkillLevelEnum1	MA.birdSongRecognitionSkillLevelEnum1	MA.birdSongRecognitionSkillLevelEnum1	MA.birdSongRecognitionSkillLevelEnum3	MA.birdSongRecognitionSkillLevelEnum1
MA.53627	MA.birdwatchingActivityLevelEnum4	MA.birdSongRecognitionSkillLevelEnum2	MA.birdSongRecognitionSkillLevelEnum2	MA.birdSongRecognitionSkillLevelEnum3	MA.birdSongRecognitionSkillLevelEnum1	MA.birdSongRecognitionSkillLevelEnum1	MA.birdSongRecognitionSkillLevelEnum1	MA.birdSongRecognitionSkillLevelEnum1	MA.birdSongRecognitionSkillLevelEnum1	MA.birdSongRecognitionSkillLevelEnum1	MA.birdSongRecognitionSkillLevelEnum1
MA.61012	MA.birdwatchingActivityLevelEnum3	MA.birdSongRecognitionSkillLevelEnum1	MA.birdSongRecognitionSkillLevelEnum2	MA.birdSongRecognitionSkillLevelEnum3	MA.birdSongRecognitionSkillLevelEnum1	MA.birdSongRecognitionSkillLevelEnum1	MA.birdSongRecognitionSkillLevelEnum1	MA.birdSongRecognitionSkillLevelEnum1	MA.birdSongRecognitionSkillLevelEnum1	MA.birdSongRecognitionSkillLevelEnum1	MA.birdSongRecognitionSkillLevelEnum1
MA.60974	MA.birdwatchingActivityLevelEnum4	MA.birdSongRecognitionSkillLevelEnum1	MA.birdSongRecognitionSkillLevelEnum1	MA.birdSongRecognitionSkillLevelEnum1	MA.birdSongRecognitionSkillLevelEnum3	MA.birdSongRecognitionSkillLevelEnum1	MA.birdSongRecognitionSkillLevelEnum1	MA.birdSongRecognitionSkillLevelEnum1	MA.birdSongRecognitionSkillLevelEnum1	MA.birdSongRecognitionSkillLevelEnum1	MA.birdSongRecognitionSkillLevelEnum1
MA.54427	MA.birdwatchingActivityLevelEnum4	MA.birdSongRecognitionSkillLevelEnum1	MA.birdSongRecognitionSkillLevelEnum1	MA.birdSongRecognitionSkillLevelEnum1	MA.birdSongRecognitionSkillLevelEnum4	MA.birdSongRecognitionSkillLevelEnum2	MA.birdSongRecognitionSkillLevelEnum2	MA.birdSongRecognitionSkillLevelEnum2	MA.birdSongRecognitionSkillLevelEnum1	MA.birdSongRecognitionSkillLevelEnum1	MA.birdSongRecognitionSkillLevelEnum1
MA.60590	MA.birdwatchingActivityLevelEnum4	MA.birdSongRecognitionSkillLevelEnum1	MA.birdSongRecognitionSkillLevelEnum1	MA.birdSongRecognitionSkillLevelEnum1	MA.birdSongRecognitionSkillLevelEnum4	MA.birdSongRecognitionSkillLevelEnum1	MA.birdSongRecognitionSkillLevelEnum1	MA.birdSongRecognitionSkillLevelEnum1	MA.birdSongRecognitionSkillLevelEnum1	MA.birdSongRecognitionSkillLevelEnum1	MA.birdSongRecognitionSkillLevelEnum1
MA.60015	MA.birdwatchingActivityLevelEnum2	MA.birdSongRecognitionSkillLevelEnum2	MA.birdSongRecognitionSkillLevelEnum1	MA.birdSongRecognitionSkillLevelEnum1	MA.birdSongRecognitionSkillLevelEnum2	MA.birdSongRecognitionSkillLevelEnum1	MA.birdSongRecognitionSkillLevelEnum1	MA.birdSongRecognitionSkillLevelEnum1	MA.birdSongRecognitionSkillLevelEnum1	MA.birdSongRecognitionSkillLevelEnum1	MA.birdSongRecognitionSkillLevelEnum1
MA.59712	MA.birdwatchingActivityLevelEnum2	MA.birdSongRecognitionSkillLevelEnum2	MA.birdSongRecognitionSkillLevelEnum1	MA.birdSongRecognitionSkillLevelEnum1	MA.birdSongRecognitionSkillLevelEnum1	MA.birdSongRecognitionSkillLevelEnum1	MA.birdSongRecognitionSkillLevelEnum1	MA.birdSongRecognitionSkillLevelEnum1	MA.birdSongRecognitionSkillLevelEnum1	MA.birdSongRecognitionSkillLevelEnum1	MA.birdSongRecognitionSkillLevelEnum1
MA.58816	MA.birdwatchingActivityLevelEnum2	MA.birdSongRecognitionSkillLevelEnum1	MA.birdSongRecognitionSkillLevelEnum1	MA.birdSongRecognitionSkillLevelEnum2	MA.birdSongRecognitionSkillLevelEnum1	MA.birdSongRecognitionSkillLevelEnum1	MA.birdSongRecognitionSkillLevelEnum1	MA.birdSongRecognitionSkillLevelEnum1	MA.birdSongRecognitionSkillLevelEnum1	MA.birdSongRecognitionSkillLevelEnum1	MA.birdSongRecognitionSkillLevelEnum1
MA.59424	MA.birdwatchingActivityLevelEnum3	MA.birdSongRecognitionSkillLevelEnum1	MA.birdSongRecognitionSkillLevelEnum1	MA.birdSongRecognitionSkillLevelEnum1	MA.birdSongRecognitionSkillLevelEnum1	MA.birdSongRecognitionSkillLevelEnum1	MA.birdSongRecognitionSkillLevelEnum1	MA.birdSongRecognitionSkillLevelEnum1	MA.birdSongRecognitionSkillLevelEnum1	MA.birdSongRecognitionSkillLevelEnum3	MA.birdSongRecognitionSkillLevelEnum1
MA.59386	MA.birdwatchingActivityLevelEnum2	MA.birdSongRecognitionSkillLevelEnum1	MA.birdSongRecognitionSkillLevelEnum1	MA.birdSongRecognitionSkillLevelEnum1	MA.birdSongRecognitionSkillLevelEnum1	MA.birdSongRecognitionSkillLevelEnum1	MA.birdSongRecognitionSkillLevelEnum1	MA.birdSongRecognitionSkillLevelEnum1	MA.birdSongRecognitionSkillLevelEnum1	MA.birdSongRecognitionSkillLevelEnum2	MA.birdSongRecognitionSkillLevelEnum1
MA.59361	MA.birdwatchingActivityLevelEnum2	MA.birdSongRecognitionSkillLevelEnum1	MA.birdSongRecognitionSkillLevelEnum1	MA.birdSongRecognitionSkillLevelEnum1	MA.birdSongRecognitionSkillLevelEnum1	MA.birdSongRecognitionSkillLevelEnum1	MA.birdSongRecognitionSkillLevelEnum1	MA.birdSongRecognitionSkillLevelEnum2	MA.birdSongRecognitionSkillLevelEnum1	MA.birdSongRecognitionSkillLevelEnum1	MA.birdSongRecognitionSkillLevelEnum1
MA.59350	MA.birdwatchingActivityLevelEnum3	MA.birdSongRecognitionSkillLevelEnum1	MA.birdSongRecognitionSkillLevelEnum1	MA.birdSongRecognitionSkillLevelEnum1	MA.birdSongRecognitionSkillLevelEnum1	MA.birdSongRecognitionSkillLevelEnum1	MA.birdSongRecognitionSkillLevelEnum1	MA.birdSongRecognitionSkillLevelEnum2	MA.birdSongRecognitionSkillLevelEnum1	MA.birdSongRecognitionSkillLevelEnum1	MA.birdSongRecognitionSkillLevelEnum1
MA.59328	MA.birdwatchingActivityLevelEnum2	MA.birdSongRecognitionSkillLevelEnum1	MA.birdSongRecognitionSkillLevelEnum1	MA.birdSongRecognitionSkillLevelEnum1	MA.birdSongRecognitionSkillLevelEnum2	MA.birdSongRecognitionSkillLevelEnum1	MA.birdSongRecognitionSkillLevelEnum1	MA.birdSongRecognitionSkillLevelEnum1	MA.birdSongRecognitionSkillLevelEnum1	MA.birdSongRecognitionSkillLevelEnum1	MA.birdSongRecognitionSkillLevelEnum1
MA.59292	MA.birdwatchingActivityLevelEnum4	MA.birdSongRecognitionSkillLevelEnum1	MA.birdSongRecognitionSkillLevelEnum1	MA.birdSongRecognitionSkillLevelEnum1	MA.birdSongRecognitionSkillLevelEnum3	MA.birdSongRecognitionSkillLevelEnum1	MA.birdSongRecognitionSkillLevelEnum1	MA.birdSongRecognitionSkillLevelEnum1	MA.birdSongRecognitionSkillLevelEnum1	MA.birdSongRecognitionSkillLevelEnum1	MA.birdSongRecognitionSkillLevelEnum1
MA.59065	MA.birdwatchingActivityLevelEnum4	MA.birdSongRecognitionSkillLevelEnum3	MA.birdSongRecognitionSkillLevelEnum1	MA.birdSongRecognitionSkillLevelEnum1	MA.birdSongRecognitionSkillLevelEnum1	MA.birdSongRecognitionSkillLevelEnum1	MA.birdSongRecognitionSkillLevelEnum1	MA.birdSongRecognitionSkillLevelEnum3	MA.birdSongRecognitionSkillLevelEnum1	MA.birdSongRecognitionSkillLevelEnum1	MA.birdSongRecognitionSkillLevelEnum1
MA.59011	MA.birdwatchingActivityLevelEnum4	MA.birdSongRecognitionSkillLevelEnum1	MA.birdSongRecognitionSkillLevelEnum1	MA.birdSongRecognitionSkillLevelEnum1	MA.birdSongRecognitionSkillLevelEnum1	MA.birdSongRecognitionSkillLevelEnum1	MA.birdSongRecognitionSkillLevelEnum1	MA.birdSongRecognitionSkillLevelEnum3	MA.birdSongRecognitionSkillLevelEnum1	MA.birdSongRecognitionSkillLevelEnum1	MA.birdSongRecognitionSkillLevelEnum1
MA.59010	MA.birdwatchingActivityLevelEnum4	MA.birdSongRecognitionSkillLevelEnum1	MA.birdSongRecognitionSkillLevelEnum1	MA.birdSongRecognitionSkillLevelEnum1	MA.birdSongRecognitionSkillLevelEnum1	MA.birdSongRecognitionSkillLevelEnum1	MA.birdSongRecognitionSkillLevelEnum1	MA.birdSongRecognitionSkillLevelEnum2	MA.birdSongRecognitionSkillLevelEnum1	MA.birdSongRecognitionSkillLevelEnum1	MA.birdSongRecognitionSkillLevelEnum1
MA.58984	MA.birdwatchingActivityLevelEnum4	MA.birdSongRecognitionSkillLevelEnum2	MA.birdSongRecognitionSkillLevelEnum1	MA.birdSongRecognitionSkillLevelEnum1	MA.birdSongRecognitionSkillLevelEnum4	MA.birdSongRecognitionSkillLevelEnum1	MA.birdSongRecognitionSkillLevelEnum2	MA.birdSongRecognitionSkillLevelEnum1	MA.birdSongRecognitionSkillLevelEnum1	MA.birdSongRecognitionSkillLevelEnum1	MA.birdSongRecognitionSkillLevelEnum1
MA.58938	MA.birdwatchingActivityLevelEnum4	MA.birdSongRecognitionSkillLevelEnum1	MA.birdSongRecognitionSkillLevelEnum1	MA.birdSongRecognitionSkillLevelEnum1	MA.birdSongRecognitionSkillLevelEnum3	MA.birdSongRecognitionSkillLevelEnum1	MA.birdSongRecognitionSkillLevelEnum1	MA.birdSongRecognitionSkillLevelEnum1	MA.birdSongRecognitionSkillLevelEnum1	MA.birdSongRecognitionSkillLevelEnum1	MA.birdSongRecognitionSkillLevelEnum1
MA.58871	MA.birdwatchingActivityLevelEnum3	MA.birdSongRecognitionSkillLevelEnum1	MA.birdSongRecognitionSkillLevelEnum1	MA.birdSongRecognitionSkillLevelEnum1	MA.birdSongRecognitionSkillLevelEnum1	MA.birdSongRecognitionSkillLevelEnum3	MA.birdSongRecognitionSkillLevelEnum1	MA.birdSongRecognitionSkillLevelEnum1	MA.birdSongRecognitionSkillLevelEnum1	MA.birdSongRecognitionSkillLevelEnum2	MA.birdSongRecognitionSkillLevelEnum1
MA.58860	MA.birdwatchingActivityLevelEnum3	MA.birdSongRecognitionSkillLevelEnum2	MA.birdSongRecognitionSkillLevelEnum2	MA.birdSongRecognitionSkillLevelEnum2	MA.birdSongRecognitionSkillLevelEnum4	MA.birdSongRecognitionSkillLevelEnum2	MA.birdSongRecognitionSkillLevelEnum3	MA.birdSongRecognitionSkillLevelEnum3	MA.birdSongRecognitionSkillLevelEnum2	MA.birdSongRecognitionSkillLevelEnum2	MA.birdSongRecognitionSkillLevelEnum1
MA.58390	MA.birdwatchingActivityLevelEnum3	MA.birdSongRecognitionSkillLevelEnum1	MA.birdSongRecognitionSkillLevelEnum1	MA.birdSongRecognitionSkillLevelEnum1	MA.birdSongRecognitionSkillLevelEnum3	MA.birdSongRecognitionSkillLevelEnum1	MA.birdSongRecognitionSkillLevelEnum1	MA.birdSongRecognitionSkillLevelEnum1	MA.birdSongRecognitionSkillLevelEnum1	MA.birdSongRecognitionSkillLevelEnum1	MA.birdSongRecognitionSkillLevelEnum1
MA.54891	MA.birdwatchingActivityLevelEnum3	MA.birdSongRecognitionSkillLevelEnum1	MA.birdSongRecognitionSkillLevelEnum1	MA.birdSongRecognitionSkillLevelEnum1	MA.birdSongRecognitionSkillLevelEnum3	MA.birdSongRecognitionSkillLevelEnum1	MA.birdSongRecognitionSkillLevelEnum1	MA.birdSongRecognitionSkillLevelEnum1	MA.birdSongRecognitionSkillLevelEnum1	MA.birdSongRecognitionSkillLevelEnum1	MA.birdSongRecognitionSkillLevelEnum1
MA.54446	MA.birdwatchingActivityLevelEnum4	MA.birdSongRecognitionSkillLevelEnum1	MA.birdSongRecognitionSkillLevelEnum1	MA.birdSongRecognitionSkillLevelEnum1	MA.birdSongRecognitionSkillLevelEnum3	MA.birdSongRecognitionSkillLevelEnum1	MA.birdSongRecognitionSkillLevelEnum1	MA.birdSongRecognitionSkillLevelEnum1	MA.birdSongRecognitionSkillLevelEnum1	MA.birdSongRecognitionSkillLevelEnum1	MA.birdSongRecognitionSkillLevelEnum1
MA.54398	MA.birdwatchingActivityLevelEnum3	MA.birdSongRecognitionSkillLevelEnum2	MA.birdSongRecognitionSkillLevelEnum1	MA.birdSongRecognitionSkillLevelEnum1	MA.birdSongRecognitionSkillLevelEnum2	MA.birdSongRecognitionSkillLevelEnum1	MA.birdSongRecognitionSkillLevelEnum1	MA.birdSongRecognitionSkillLevelEnum1	MA.birdSongRecognitionSkillLevelEnum1	MA.birdSongRecognitionSkillLevelEnum1	MA.birdSongRecognitionSkillLevelEnum1
MA.53566	MA.birdwatchingActivityLevelEnum4	MA.birdSongRecognitionSkillLevelEnum1	MA.birdSongRecognitionSkillLevelEnum1	MA.birdSongRecognitionSkillLevelEnum1	MA.birdSongRecognitionSkillLevelEnum1	MA.birdSongRecognitionSkillLevelEnum1	MA.birdSongRecognitionSkillLevelEnum1	MA.birdSongRecognitionSkillLevelEnum1	MA.birdSongRecognitionSkillLevelEnum1	MA.birdSongRecognitionSkillLevelEnum2	MA.birdSongRecognitionSkillLevelEnum1
MA.53528	MA.birdwatchingActivityLevelEnum3	MA.birdSongRecognitionSkillLevelEnum1	MA.birdSongRecognitionSkillLevelEnum1	MA.birdSongRecognitionSkillLevelEnum3	MA.birdSongRecognitionSkillLevelEnum1	MA.birdSongRecognitionSkillLevelEnum1	MA.birdSongRecognitionSkillLevelEnum1	MA.birdSongRecognitionSkillLevelEnum1	MA.birdSongRecognitionSkillLevelEnum1	MA.birdSongRecognitionSkillLevelEnum1	MA.birdSongRecognitionSkillLevelEnum1
MA.53526	MA.birdwatchingActivityLevelEnum4	MA.birdSongRecognitionSkillLevelEnum1	MA.birdSongRecognitionSkillLevelEnum1	MA.birdSongRecognitionSkillLevelEnum1	MA.birdSongRecognitionSkillLevelEnum3	MA.birdSongRecognitionSkillLevelEnum2	MA.birdSongRecognitionSkillLevelEnum1	MA.birdSongRecognitionSkillLevelEnum1	MA.birdSongRecognitionSkillLevelEnum1	MA.birdSongRecognitionSkillLevelEnum1	MA.birdSongRecognitionSkillLevelEnum1
MA.53529	MA.birdwatchingActivityLevelEnum4	MA.birdSongRecognitionSkillLevelEnum1	MA.birdSongRecognitionSkillLevelEnum1	MA.birdSongRecognitionSkillLevelEnum1	MA.birdSongRecognitionSkillLevelEnum3	MA.birdSongRecognitionSkillLevelEnum1	MA.birdSongRecognitionSkillLevelEnum1	MA.birdSongRecognitionSkillLevelEnum1	MA.birdSongRecognitionSkillLevelEnum1	MA.birdSongRecognitionSkillLevelEnum1	MA.birdSongRecognitionSkillLevelEnum1
MA.53527	MA.birdwatchingActivityLevelEnum4	MA.birdSongRecognitionSkillLevelEnum2	MA.birdSongRecognitionSkillLevelEnum1	MA.birdSongRecognitionSkillLevelEnum1	MA.birdSongRecognitionSkillLevelEnum4	MA.birdSongRecognitionSkillLevelEnum2	MA.birdSongRecognitionSkillLevelEnum2	MA.birdSongRecognitionSkillLevelEnum2	MA.birdSongRecognitionSkillLevelEnum2	MA.birdSongRecognitionSkillLevelEnum2	MA.birdSongRecognitionSkillLevelEnum2
MA.45453	MA.birdwatchingActivityLevelEnum3	MA.birdSongRecognitionSkillLevelEnum1	MA.birdSongRecognitionSkillLevelEnum1	MA.birdSongRecognitionSkillLevelEnum1	MA.birdSongRecognitionSkillLevelEnum4	MA.birdSongRecognitionSkillLevelEnum2	MA.birdSongRecognitionSkillLevelEnum2	MA.birdSongRecognitionSkillLevelEnum2	MA.birdSongRecognitionSkillLevelEnum1	MA.birdSongRecognitionSkillLevelEnum1	MA.birdSongRecognitionSkillLevelEnum1
MA.35769	MA.birdwatchingActivityLevelEnum3	MA.birdSongRecognitionSkillLevelEnum1	MA.birdSongRecognitionSkillLevelEnum1	MA.birdSongRecognitionSkillLevelEnum1	MA.birdSongRecognitionSkillLevelEnum3	MA.birdSongRecognitionSkillLevelEnum1	MA.birdSongRecognitionSkillLevelEnum1	MA.birdSongRecognitionSkillLevelEnum1	MA.birdSongRecognitionSkillLevelEnum1	MA.birdSongRecognitionSkillLevelEnum1	MA.birdSongRecognitionSkillLevelEnum1
MA.39193	MA.birdwatchingActivityLevelEnum3	MA.birdSongRecognitionSkillLevelEnum1	MA.birdSongRecognitionSkillLevelEnum1	MA.birdSongRecognitionSkillLevelEnum1	MA.birdSongRecognitionSkillLevelEnum3	MA.birdSongRecognitionSkillLevelEnum1	MA.birdSongRecognitionSkillLevelEnum1	MA.birdSongRecognitionSkillLevelEnum1	MA.birdSongRecognitionSkillLevelEnum1	MA.birdSongRecognitionSkillLevelEnum1	MA.birdSongRecognitionSkillLevelEnum1
MA.26460	MA.birdwatchingActivityLevelEnum3	MA.birdSongRecognitionSkillLevelEnum2	MA.birdSongRecognitionSkillLevelEnum2	MA.birdSongRecognitionSkillLevelEnum2	MA.birdSongRecognitionSkillLevelEnum4	MA.birdSongRecognitionSkillLevelEnum2	MA.birdSongRecognitionSkillLevelEnum2	MA.birdSongRecognitionSkillLevelEnum2	MA.birdSongRecognitionSkillLevelEnum1	MA.birdSongRecognitionSkillLevelEnum1	MA.birdSongRecognitionSkillLevelEnum1
MA.16457	MA.birdwatchingActivityLevelEnum3	MA.birdSongRecognitionSkillLevelEnum2	MA.birdSongRecognitionSkillLevelEnum2	MA.birdSongRecognitionSkillLevelEnum1	MA.birdSongRecognitionSkillLevelEnum4	MA.birdSongRecognitionSkillLevelEnum3	MA.birdSongRecognitionSkillLevelEnum3	MA.birdSongRecognitionSkillLevelEnum2	MA.birdSongRecognitionSkillLevelEnum1	MA.birdSongRecognitionSkillLevelEnum2	MA.birdSongRecognitionSkillLevelEnum1
MA.26323	MA.birdwatchingActivityLevelEnum3	MA.birdSongRecognitionSkillLevelEnum1	MA.birdSongRecognitionSkillLevelEnum1	MA.birdSongRecognitionSkillLevelEnum1	MA.birdSongRecognitionSkillLevelEnum3	MA.birdSongRecognitionSkillLevelEnum1	MA.birdSongRecognitionSkillLevelEnum1	MA.birdSongRecognitionSkillLevelEnum1	MA.birdSongRecognitionSkillLevelEnum1	MA.birdSongRecognitionSkillLevelEnum1	MA.birdSongRecognitionSkillLevelEnum1
MA.8305	MA.birdwatchingActivityLevelEnum3	MA.birdSongRecognitionSkillLevelEnum1	MA.birdSongRecognitionSkillLevelEnum1	MA.birdSongRecognitionSkillLevelEnum1	MA.birdSongRecognitionSkillLevelEnum3	MA.birdSongRecognitionSkillLevelEnum2	MA.birdSongRecognitionSkillLevelEnum2	MA.birdSongRecognitionSkillLevelEnum1	MA.birdSongRecognitionSkillLevelEnum1	MA.birdSongRecognitionSkillLevelEnum1	MA.birdSongRecognitionSkillLevelEnum1
MA.17401	MA.birdwatchingActivityLevelEnum3	MA.birdSongRecognitionSkillLevelEnum1	MA.birdSongRecognitionSkillLevelEnum1	MA.birdSongRecognitionSkillLevelEnum1	MA.birdSongRecognitionSkillLevelEnum3	MA.birdSongRecognitionSkillLevelEnum1	MA.birdSongRecognitionSkillLevelEnum1	MA.birdSongRecognitionSkillLevelEnum1	MA.birdSongRecognitionSkillLevelEnum1	MA.birdSongRecognitionSkillLevelEnum1	MA.birdSongRecognitionSkillLevelEnum1
MA.17002	MA.birdwatchingActivityLevelEnum4	MA.birdSongRecognitionSkillLevelEnum2	MA.birdSongRecognitionSkillLevelEnum2	MA.birdSongRecognitionSkillLevelEnum1	MA.birdSongRecognitionSkillLevelEnum4	MA.birdSongRecognitionSkillLevelEnum2	MA.birdSongRecognitionSkillLevelEnum2	MA.birdSongRecognitionSkillLevelEnum2	MA.birdSongRecognitionSkillLevelEnum1	MA.birdSongRecognitionSkillLevelEnum1	MA.birdSongRecognitionSkillLevelEnum1
MA.16196	MA.birdwatchingActivityLevelEnum3	MA.birdSongRecognitionSkillLevelEnum1	MA.birdSongRecognitionSkillLevelEnum1	MA.birdSongRecognitionSkillLevelEnum1	MA.birdSongRecognitionSkillLevelEnum3	MA.birdSongRecognitionSkillLevelEnum1	MA.birdSongRecognitionSkillLevelEnum2	MA.birdSongRecognitionSkillLevelEnum2	MA.birdSongRecognitionSkillLevelEnum1	MA.birdSongRecognitionSkillLevelEnum1	MA.birdSongRecognitionSkillLevelEnum1
MA.15529	MA.birdwatchingActivityLevelEnum3	MA.birdSongRecognitionSkillLevelEnum2	MA.birdSongRecognitionSkillLevelEnum1	MA.birdSongRecognitionSkillLevelEnum1	MA.birdSongRecognitionSkillLevelEnum4	MA.birdSongRecognitionSkillLevelEnum2	MA.birdSongRecognitionSkillLevelEnum3	MA.birdSongRecognitionSkillLevelEnum2	MA.birdSongRecognitionSkillLevelEnum1	MA.birdSongRecognitionSkillLevelEnum1	MA.birdSongRecognitionSkillLevelEnum1
MA.15959	MA.birdwatchingActivityLevelEnum4	MA.birdSongRecognitionSkillLevelEnum3	MA.birdSongRecognitionSkillLevelEnum2	MA.birdSongRecognitionSkillLevelEnum2	MA.birdSongRecognitionSkillLevelEnum4	MA.birdSongRecognitionSkillLevelEnum3	MA.birdSongRecognitionSkillLevelEnum3	MA.birdSongRecognitionSkillLevelEnum3	MA.birdSongRecognitionSkillLevelEnum2	MA.birdSongRecognitionSkillLevelEnum2	MA.birdSongRecognitionSkillLevelEnum2
MA.15364	MA.birdwatchingActivityLevelEnum3	MA.birdSongRecognitionSkillLevelEnum1	MA.birdSongRecognitionSkillLevelEnum1	MA.birdSongRecognitionSkillLevelEnum1	MA.birdSongRecognitionSkillLevelEnum3	MA.birdSongRecognitionSkillLevelEnum1	MA.birdSongRecognitionSkillLevelEnum2	MA.birdSongRecognitionSkillLevelEnum2	MA.birdSongRecognitionSkillLevelEnum1	MA.birdSongRecognitionSkillLevelEnum1	MA.birdSongRecognitionSkillLevelEnum1
MA.15292	MA.birdwatchingActivityLevelEnum4	MA.birdSongRecognitionSkillLevelEnum1	MA.birdSongRecognitionSkillLevelEnum1	MA.birdSongRecognitionSkillLevelEnum1	MA.birdSongRecognitionSkillLevelEnum3	MA.birdSongRecognitionSkillLevelEnum1	MA.birdSongRecognitionSkillLevelEnum1	MA.birdSongRecognitionSkillLevelEnum1	MA.birdSongRecognitionSkillLevelEnum1	MA.birdSongRecognitionSkillLevelEnum1	MA.birdSongRecognitionSkillLevelEnum1
MA.12882	MA.birdwatchingActivityLevelEnum4	MA.birdSongRecognitionSkillLevelEnum1	MA.birdSongRecognitionSkillLevelEnum1	MA.birdSongRecognitionSkillLevelEnum1	MA.birdSongRecognitionSkillLevelEnum3	MA.birdSongRecognitionSkillLevelEnum1	MA.birdSongRecognitionSkillLevelEnum1	MA.birdSongRecognitionSkillLevelEnum1	MA.birdSongRecognitionSkillLevelEnum1	MA.birdSongRecognitionSkillLevelEnum1	MA.birdSongRecognitionSkillLevelEnum1
MA.10024	MA.birdwatchingActivityLevelEnum3	MA.birdSongRecognitionSkillLevelEnum1	MA.birdSongRecognitionSkillLevelEnum1	MA.birdSongRecognitionSkillLevelEnum1	MA.birdSongRecognitionSkillLevelEnum3	MA.birdSongRecognitionSkillLevelEnum1	MA.birdSongRecognitionSkillLevelEnum1	MA.birdSongRecognitionSkillLevelEnum1	MA.birdSongRecognitionSkillLevelEnum1	MA.birdSongRecognitionSkillLevelEnum1	MA.birdSongRecognitionSkillLevelEnum1
MA.3	MA.birdwatchingActivityLevelEnum3	MA.birdSongRecognitionSkillLevelEnum1	MA.birdSongRecognitionSkillLevelEnum1	MA.birdSongRecognitionSkillLevelEnum1	MA.birdSongRecognitionSkillLevelEnum3	MA.birdSongRecognitionSkillLevelEnum1	MA.birdSongRecognitionSkillLevelEnum1	MA.birdSongRecognitionSkillLevelEnum1	MA.birdSongRecognitionSkillLevelEnum1	MA.birdSongRecognitionSkillLevelEnum1	MA.birdSongRecognitionSkillLevelEnum1
MA.96096	MA.birdwatchingActivityLevelEnum2	MA.birdSongRecognitionSkillLevelEnum1	MA.birdSongRecognitionSkillLevelEnum1	MA.birdSongRecognitionSkillLevelEnum1	MA.birdSongRecognitionSkillLevelEnum2	MA.birdSongRecognitionSkillLevelEnum1	MA.birdSongRecognitionSkillLevelEnum1	MA.birdSongRecognitionSkillLevelEnum1	MA.birdSongRecognitionSkillLevelEnum1	MA.birdSongRecognitionSkillLevelEnum1	MA.birdSongRecognitionSkillLevelEnum1
MA.83069	MA.birdwatchingActivityLevelEnum3	MA.birdSongRecognitionSkillLevelEnum1	MA.birdSongRecognitionSkillLevelEnum1	MA.birdSongRecognitionSkillLevelEnum1	MA.birdSongRecognitionSkillLevelEnum4	MA.birdSongRecognitionSkillLevelEnum2	MA.birdSongRecognitionSkillLevelEnum2	MA.birdSongRecognitionSkillLevelEnum2	MA.birdSongRecognitionSkillLevelEnum1	MA.birdSongRecognitionSkillLevelEnum1	MA.birdSongRecognitionSkillLevelEnum1
MA.78122	MA.birdwatchingActivityLevelEnum3	MA.birdSongRecognitionSkillLevelEnum2	MA.birdSongRecognitionSkillLevelEnum2	MA.birdSongRecognitionSkillLevelEnum3	MA.birdSongRecognitionSkillLevelEnum2	MA.birdSongRecognitionSkillLevelEnum1	MA.birdSongRecognitionSkillLevelEnum1	MA.birdSongRecognitionSkillLevelEnum1	MA.birdSongRecognitionSkillLevelEnum1	MA.birdSongRecognitionSkillLevelEnum1	MA.birdSongRecognitionSkillLevelEnum1
MA.72494	MA.birdwatchingActivityLevelEnum1	MA.birdSongRecognitionSkillLevelEnum1	MA.birdSongRecognitionSkillLevelEnum1	MA.birdSongRecognitionSkillLevelEnum2	MA.birdSongRecognitionSkillLevelEnum1	MA.birdSongRecognitionSkillLevelEnum1	MA.birdSongRecognitionSkillLevelEnum1	MA.birdSongRecognitionSkillLevelEnum1	MA.birdSongRecognitionSkillLevelEnum1	MA.birdSongRecognitionSkillLevelEnum1	MA.birdSongRecognitionSkillLevelEnum1
MA.71069	MA.birdwatchingActivityLevelEnum3	MA.birdSongRecognitionSkillLevelEnum1	MA.birdSongRecognitionSkillLevelEnum1	MA.birdSongRecognitionSkillLevelEnum1	MA.birdSongRecognitionSkillLevelEnum1	MA.birdSongRecognitionSkillLevelEnum1	MA.birdSongRecognitionSkillLevelEnum1	MA.birdSongRecognitionSkillLevelEnum2	MA.birdSongRecognitionSkillLevelEnum1	MA.birdSongRecognitionSkillLevelEnum1	MA.birdSongRecognitionSkillLevelEnum1
MA.70500	MA.birdwatchingActivityLevelEnum4	MA.birdSongRecognitionSkillLevelEnum2	MA.birdSongRecognitionSkillLevelEnum1	MA.birdSongRecognitionSkillLevelEnum1	MA.birdSongRecognitionSkillLevelEnum1	MA.birdSongRecognitionSkillLevelEnum1	MA.birdSongRecognitionSkillLevelEnum1	MA.birdSongRecognitionSkillLevelEnum3	MA.birdSongRecognitionSkillLevelEnum1	MA.birdSongRecognitionSkillLevelEnum1	MA.birdSongRecognitionSkillLevelEnum2
MA.68914	MA.birdwatchingActivityLevelEnum4	MA.birdSongRecognitionSkillLevelEnum1	MA.birdSongRecognitionSkillLevelEnum1	MA.birdSongRecognitionSkillLevelEnum1	MA.birdSongRecognitionSkillLevelEnum1	MA.birdSongRecognitionSkillLevelEnum3	MA.birdSongRecognitionSkillLevelEnum1	MA.birdSongRecognitionSkillLevelEnum1	MA.birdSongRecognitionSkillLevelEnum1	MA.birdSongRecognitionSkillLevelEnum1	MA.birdSongRecognitionSkillLevelEnum1
MA.68133	MA.birdwatchingActivityLevelEnum4	MA.birdSongRecognitionSkillLevelEnum1	MA.birdSongRecognitionSkillLevelEnum1	MA.birdSongRecognitionSkillLevelEnum3	MA.birdSongRecognitionSkillLevelEnum1	MA.birdSongRecognitionSkillLevelEnum1	MA.birdSongRecognitionSkillLevelEnum1	MA.birdSongRecognitionSkillLevelEnum1	MA.birdSongRecognitionSkillLevelEnum1	MA.birdSongRecognitionSkillLevelEnum1	MA.birdSongRecognitionSkillLevelEnum1
MA.68113	MA.birdwatchingActivityLevelEnum3	MA.birdSongRecognitionSkillLevelEnum1	MA.birdSongRecognitionSkillLevelEnum1	MA.birdSongRecognitionSkillLevelEnum1	MA.birdSongRecognitionSkillLevelEnum1	MA.birdSongRecognitionSkillLevelEnum1	MA.birdSongRecognitionSkillLevelEnum1	MA.birdSongRecognitionSkillLevelEnum1	MA.birdSongRecognitionSkillLevelEnum2	MA.birdSongRecognitionSkillLevelEnum2	MA.birdSongRecognitionSkillLevelEnum1
MA.68035	MA.birdwatchingActivityLevelEnum1	MA.birdSongRecognitionSkillLevelEnum1	MA.birdSongRecognitionSkillLevelEnum1	MA.birdSongRecognitionSkillLevelEnum1	MA.birdSongRecognitionSkillLevelEnum1	MA.birdSongRecognitionSkillLevelEnum1	MA.birdSongRecognitionSkillLevelEnum1	MA.birdSongRecognitionSkillLevelEnum2	MA.birdSongRecognitionSkillLevelEnum1	MA.birdSongRecognitionSkillLevelEnum1	MA.birdSongRecognitionSkillLevelEnum1
MA.68012	MA.birdwatchingActivityLevelEnum3	MA.birdSongRecognitionSkillLevelEnum1	MA.birdSongRecognitionSkillLevelEnum1	MA.birdSongRecognitionSkillLevelEnum1	MA.birdSongRecognitionSkillLevelEnum1	MA.birdSongRecognitionSkillLevelEnum1	MA.birdSongRecognitionSkillLevelEnum1	MA.birdSongRecognitionSkillLevelEnum1	MA.birdSongRecognitionSkillLevelEnum1	MA.birdSongRecognitionSkillLevelEnum3	MA.birdSongRecognitionSkillLevelEnum1
MA.66836	MA.birdwatchingActivityLevelEnum3	MA.birdSongRecognitionSkillLevelEnum3	MA.birdSongRecognitionSkillLevelEnum1	MA.birdSongRecognitionSkillLevelEnum1	MA.birdSongRecognitionSkillLevelEnum1	MA.birdSongRecognitionSkillLevelEnum1	MA.birdSongRecognitionSkillLevelEnum1	MA.birdSongRecognitionSkillLevelEnum1	MA.birdSongRecognitionSkillLevelEnum1	MA.birdSongRecognitionSkillLevelEnum1	MA.birdSongRecognitionSkillLevelEnum1
MA.66786	MA.birdwatchingActivityLevelEnum4	MA.birdSongRecognitionSkillLevelEnum1	MA.birdSongRecognitionSkillLevelEnum1	MA.birdSongRecognitionSkillLevelEnum1	MA.birdSongRecognitionSkillLevelEnum1	MA.birdSongRecognitionSkillLevelEnum1	MA.birdSongRecognitionSkillLevelEnum1	MA.birdSongRecognitionSkillLevelEnum1	MA.birdSongRecognitionSkillLevelEnum3	MA.birdSongRecognitionSkillLevelEnum3	MA.birdSongRecognitionSkillLevelEnum1
MA.66535	MA.birdwatchingActivityLevelEnum2	MA.birdSongRecognitionSkillLevelEnum2	MA.birdSongRecognitionSkillLevelEnum1	MA.birdSongRecognitionSkillLevelEnum1	MA.birdSongRecognitionSkillLevelEnum2	MA.birdSongRecognitionSkillLevelEnum1	MA.birdSongRecognitionSkillLevelEnum1	MA.birdSongRecognitionSkillLevelEnum1	MA.birdSongRecognitionSkillLevelEnum2	MA.birdSongRecognitionSkillLevelEnum2	MA.birdSongRecognitionSkillLevelEnum1
MA.65140	MA.birdwatchingActivityLevelEnum4	MA.birdSongRecognitionSkillLevelEnum1	MA.birdSongRecognitionSkillLevelEnum1	MA.birdSongRecognitionSkillLevelEnum1	MA.birdSongRecognitionSkillLevelEnum3	MA.birdSongRecognitionSkillLevelEnum1	MA.birdSongRecognitionSkillLevelEnum1	MA.birdSongRecognitionSkillLevelEnum1	MA.birdSongRecognitionSkillLevelEnum1	MA.birdSongRecognitionSkillLevelEnum1	MA.birdSongRecognitionSkillLevelEnum1
MA.64695	MA.birdwatchingActivityLevelEnum3	MA.birdSongRecognitionSkillLevelEnum2	MA.birdSongRecognitionSkillLevelEnum2	MA.birdSongRecognitionSkillLevelEnum1	MA.birdSongRecognitionSkillLevelEnum2	MA.birdSongRecognitionSkillLevelEnum3	MA.birdSongRecognitionSkillLevelEnum1	MA.birdSongRecognitionSkillLevelEnum1	MA.birdSongRecognitionSkillLevelEnum2	MA.birdSongRecognitionSkillLevelEnum2	MA.birdSongRecognitionSkillLevelEnum2
MA.64429	MA.birdwatchingActivityLevelEnum3	MA.birdSongRecognitionSkillLevelEnum1	MA.birdSongRecognitionSkillLevelEnum1	MA.birdSongRecognitionSkillLevelEnum1	MA.birdSongRecognitionSkillLevelEnum3	MA.birdSongRecognitionSkillLevelEnum1	MA.birdSongRecognitionSkillLevelEnum1	MA.birdSongRecognitionSkillLevelEnum1	MA.birdSongRecognitionSkillLevelEnum1	MA.birdSongRecognitionSkillLevelEnum1	MA.birdSongRecognitionSkillLevelEnum1
MA.64430	MA.birdwatchingActivityLevelEnum2	MA.birdSongRecognitionSkillLevelEnum1	MA.birdSongRecognitionSkillLevelEnum1	MA.birdSongRecognitionSkillLevelEnum1	MA.birdSongRecognitionSkillLevelEnum1	MA.birdSongRecognitionSkillLevelEnum1	MA.birdSongRecognitionSkillLevelEnum1	MA.birdSongRecognitionSkillLevelEnum1	MA.birdSongRecognitionSkillLevelEnum1	MA.birdSongRecognitionSkillLevelEnum2	MA.birdSongRecognitionSkillLevelEnum1
MA.64326	MA.birdwatchingActivityLevelEnum2	MA.birdSongRecognitionSkillLevelEnum1	MA.birdSongRecognitionSkillLevelEnum1	MA.birdSongRecognitionSkillLevelEnum1	MA.birdSongRecognitionSkillLevelEnum2	MA.birdSongRecognitionSkillLevelEnum1	MA.birdSongRecognitionSkillLevelEnum1	MA.birdSongRecognitionSkillLevelEnum1	MA.birdSongRecognitionSkillLevelEnum1	MA.birdSongRecognitionSkillLevelEnum1	MA.birdSongRecognitionSkillLevelEnum1
MA.63506	MA.birdwatchingActivityLevelEnum2	MA.birdSongRecognitionSkillLevelEnum1	MA.birdSongRecognitionSkillLevelEnum1	MA.birdSongRecognitionSkillLevelEnum1	MA.birdSongRecognitionSkillLevelEnum1	MA.birdSongRecognitionSkillLevelEnum2	MA.birdSongRecognitionSkillLevelEnum1	MA.birdSongRecognitionSkillLevelEnum1	MA.birdSongRecognitionSkillLevelEnum1	MA.birdSongRecognitionSkillLevelEnum1	MA.birdSongRecognitionSkillLevelEnum1
MA.63085	MA.birdwatchingActivityLevelEnum3	MA.birdSongRecognitionSkillLevelEnum4	MA.birdSongRecognitionSkillLevelEnum1	MA.birdSongRecognitionSkillLevelEnum1	MA.birdSongRecognitionSkillLevelEnum1	MA.birdSongRecognitionSkillLevelEnum1	MA.birdSongRecognitionSkillLevelEnum1	MA.birdSongRecognitionSkillLevelEnum1	MA.birdSongRecognitionSkillLevelEnum1	MA.birdSongRecognitionSkillLevelEnum1	MA.birdSongRecognitionSkillLevelEnum1
MA.62526	MA.birdwatchingActivityLevelEnum4	MA.birdSongRecognitionSkillLevelEnum1	MA.birdSongRecognitionSkillLevelEnum1	MA.birdSongRecognitionSkillLevelEnum1	MA.birdSongRecognitionSkillLevelEnum3	MA.birdSongRecognitionSkillLevelEnum1	MA.birdSongRecognitionSkillLevelEnum1	MA.birdSongRecognitionSkillLevelEnum1	MA.birdSongRecognitionSkillLevelEnum1	MA.birdSongRecognitionSkillLevelEnum1	MA.birdSongRecognitionSkillLevelEnum1
MA.54186	MA.birdwatchingActivityLevelEnum4	MA.birdSongRecognitionSkillLevelEnum1	MA.birdSongRecognitionSkillLevelEnum1	MA.birdSongRecognitionSkillLevelEnum1	MA.birdSongRecognitionSkillLevelEnum2	MA.birdSongRecognitionSkillLevelEnum2	MA.birdSongRecognitionSkillLevelEnum1	MA.birdSongRecognitionSkillLevelEnum1	MA.birdSongRecognitionSkillLevelEnum2	MA.birdSongRecognitionSkillLevelEnum3	MA.birdSongRecognitionSkillLevelEnum1
MA.61475	MA.birdwatchingActivityLevelEnum4	MA.birdSongRecognitionSkillLevelEnum1	MA.birdSongRecognitionSkillLevelEnum1	MA.birdSongRecognitionSkillLevelEnum1	MA.birdSongRecognitionSkillLevelEnum4	MA.birdSongRecognitionSkillLevelEnum1	MA.birdSongRecognitionSkillLevelEnum1	MA.birdSongRecognitionSkillLevelEnum1	MA.birdSongRecognitionSkillLevelEnum1	MA.birdSongRecognitionSkillLevelEnum1	MA.birdSongRecognitionSkillLevelEnum1
MA.60980	MA.birdwatchingActivityLevelEnum4	MA.birdSongRecognitionSkillLevelEnum1	MA.birdSongRecognitionSkillLevelEnum1	MA.birdSongRecognitionSkillLevelEnum1	MA.birdSongRecognitionSkillLevelEnum3	MA.birdSongRecognitionSkillLevelEnum1	MA.birdSongRecognitionSkillLevelEnum1	MA.birdSongRecognitionSkillLevelEnum1	MA.birdSongRecognitionSkillLevelEnum1	MA.birdSongRecognitionSkillLevelEnum1	MA.birdSongRecognitionSkillLevelEnum1
MA.60755	MA.birdwatchingActivityLevelEnum4	MA.birdSongRecognitionSkillLevelEnum1	MA.birdSongRecognitionSkillLevelEnum1	MA.birdSongRecognitionSkillLevelEnum2	MA.birdSongRecognitionSkillLevelEnum3	MA.birdSongRecognitionSkillLevelEnum1	MA.birdSongRecognitionSkillLevelEnum1	MA.birdSongRecognitionSkillLevelEnum1	MA.birdSongRecognitionSkillLevelEnum1	MA.birdSongRecognitionSkillLevelEnum1	MA.birdSongRecognitionSkillLevelEnum1
MA.53931	MA.birdwatchingActivityLevelEnum3	MA.birdSongRecognitionSkillLevelEnum1	MA.birdSongRecognitionSkillLevelEnum1	MA.birdSongRecognitionSkillLevelEnum1	MA.birdSongRecognitionSkillLevelEnum4	MA.birdSongRecognitionSkillLevelEnum1	MA.birdSongRecognitionSkillLevelEnum1	MA.birdSongRecognitionSkillLevelEnum2	MA.birdSongRecognitionSkillLevelEnum1	MA.birdSongRecognitionSkillLevelEnum1	MA.birdSongRecognitionSkillLevelEnum1
MA.53606	MA.birdwatchingActivityLevelEnum4	MA.birdSongRecognitionSkillLevelEnum1	MA.birdSongRecognitionSkillLevelEnum1	MA.birdSongRecognitionSkillLevelEnum1	MA.birdSongRecognitionSkillLevelEnum1	MA.birdSongRecognitionSkillLevelEnum1	MA.birdSongRecognitionSkillLevelEnum1	MA.birdSongRecognitionSkillLevelEnum1	MA.birdSongRecognitionSkillLevelEnum1	MA.birdSongRecognitionSkillLevelEnum4	MA.birdSongRecognitionSkillLevelEnum1
MA.44309	MA.birdwatchingActivityLevelEnum2	MA.birdSongRecognitionSkillLevelEnum1	MA.birdSongRecognitionSkillLevelEnum1	MA.birdSongRecognitionSkillLevelEnum1	MA.birdSongRecognitionSkillLevelEnum2	MA.birdSongRecognitionSkillLevelEnum1	MA.birdSongRecognitionSkillLevelEnum1	MA.birdSongRecognitionSkillLevelEnum1	MA.birdSongRecognitionSkillLevelEnum1	MA.birdSongRecognitionSkillLevelEnum1	MA.birdSongRecognitionSkillLevelEnum1
MA.43848	MA.birdwatchingActivityLevelEnum3	MA.birdSongRecognitionSkillLevelEnum1	MA.birdSongRecognitionSkillLevelEnum1	MA.birdSongRecognitionSkillLevelEnum1	MA.birdSongRecognitionSkillLevelEnum3	MA.birdSongRecognitionSkillLevelEnum1	MA.birdSongRecognitionSkillLevelEnum1	MA.birdSongRecognitionSkillLevelEnum1	MA.birdSongRecognitionSkillLevelEnum1	MA.birdSongRecognitionSkillLevelEnum1	MA.birdSongRecognitionSkillLevelEnum1
